beta_2,beta_3,k,sim_num,c
0,0,1,1,out
0,0,2,1,BB
0,0,3,1,HBP
0,0,4,1,1B
0,0,5,1,2B
0,0,6,1,3B
0,0,7,1,HR
0,0,1,2,out
0.03076923076923077,0.06666666666666667,2,2,BB
0,0,3,2,HBP
0.06153846153846154,0.13333333333333333,4,2,1B
0.03076923076923077,0.06666666666666667,5,2,2B
0,0,6,2,3B
0.03076923076923077,0.06666666666666667,7,2,HR
0,0,1,3,out
0,0.1,2,3,BB
0,0.1,3,3,HBP
0,0.3,4,3,1B
0,0.1,5,3,2B
0,0.1,6,3,3B
0,0.15,7,3,HR
